repo,loc,baseline_naive,codectx_tokens,files_represented,total_files,coverage_percent,tokens_per_loc_naive,tokens_per_loc_codectx,reduction_percent
fastapi,32408,224672,89750,0,529,0.0,6.932609232288324,2.769377931374969,60.052877083036606
requests,5634,41353,6327,0,19,0.0,7.3399006034788785,1.123003194888179,84.70002176383818
typer,12798,80204,35992,0,324,0.0,6.266916705735271,2.81231442412877,55.124432696623614
rich,39002,353919,28075,0,109,0.0,9.074380800984565,0.7198348802625506,92.06739395172342
httpx,8827,63731,4760,0,23,0.0,7.220006797326385,0.5392545598731165,92.53110731041409
