repo,loc,baseline_naive,codectx_tokens,files_represented,total_files,coverage_percent,tokens_per_loc_naive,tokens_per_loc_codectx,reduction_percent
fastapi,32351,224451,78708,0,528,0.0,6.9379926431949555,2.432938703594943,64.93310343905797
requests,5639,41427,6336,0,19,0.0,7.34651533959922,1.1236034757935804,84.70562676515317
typer,12798,80204,35731,0,324,0.0,6.266916705735271,2.791920612595718,55.449852875168325
rich,39043,354111,28193,0,109,0.0,9.069769228799016,0.7221012729554593,92.03837214884598
httpx,8827,63731,6716,0,23,0.0,7.220006797326385,0.7608474000226577,89.4619572892313
