repo,loc,baseline_naive,codectx_tokens,files_represented,total_files,coverage_percent,tokens_per_loc_naive,tokens_per_loc_codectx,reduction_percent
fastapi,32283,223936,88813,0,527,0.0,6.936653966483908,2.751076417928941,60.3400078593884
requests,5637,41412,6862,0,19,0.0,7.346460883448643,1.217314174206138,83.42992369361538
typer,12759,79994,36429,0,323,0.0,6.269613606081982,2.8551610627792146,54.46033452508938
rich,39002,353919,28001,0,109,0.0,9.074380800984565,0.71793754166453,92.08830269072867
httpx,8827,63731,5976,0,23,0.0,7.220006797326385,0.677013707941543,90.62308766534339
